{
	"info": {
		"_postman_id": "6098d181-83b7-433a-9494-95e44259a697",
		"name": "Projekt",
		"schema": "https://schema.getpostman.com/json/collection/v2.1.0/collection.json",
		"_exporter_id": "23701638"
	},
	"item": [
		{
			"name": "Weryfikacja poprawności pobierania wszystkich  zdjęć",
			"request": {
				"method": "GET",
				"header": [],
				"url": {
					"raw": "https://jsonplaceholder.typicode.com/photos",
					"protocol": "https",
					"host": [
						"jsonplaceholder",
						"typicode",
						"com"
					],
					"path": [
						"photos"
					]
				}
			},
			"response": []
		},
		{
			"name": "Weryfikacja dodawania nowego zdjęcia",
			"event": [
				{
					"listen": "prerequest",
					"script": {
						"exec": [
							""
						],
						"type": "text/javascript"
					}
				}
			],
			"request": {
				"method": "POST",
				"header": [],
				"body": {
					"mode": "raw",
					"raw": "{\r\n    \"albumId\": 101,\r\n    \"id\": 5001,\r\n    \"title\": \"Projekt końcowy Kinga Pietrucha\",\r\n    \"url\": \"https://via.placeholder.com/600/92c952\",\r\n    \"thumbnailUrl\": \"https://via.placeholder.com/150/92c952\"\r\n}",
					"options": {
						"raw": {
							"language": "json"
						}
					}
				},
				"url": {
					"raw": "https://jsonplaceholder.typicode.com/photos",
					"protocol": "https",
					"host": [
						"jsonplaceholder",
						"typicode",
						"com"
					],
					"path": [
						"photos"
					]
				}
			},
			"response": []
		},
		{
			"name": "Weryfikacja aktualizacji nazwy zdjęcia",
			"request": {
				"method": "PUT",
				"header": [],
				"body": {
					"mode": "raw",
					"raw": "{\r\n    \"title\": \"Kinga tutaj nabroiła i zmieniła\"\r\n}",
					"options": {
						"raw": {
							"language": "json"
						}
					}
				},
				"url": {
					"raw": "https://jsonplaceholder.typicode.com/photos/4",
					"protocol": "https",
					"host": [
						"jsonplaceholder",
						"typicode",
						"com"
					],
					"path": [
						"photos",
						"4"
					]
				}
			},
			"response": []
		},
		{
			"name": "Weryfikacja poprawnego usunięcia zdjecia",
			"request": {
				"method": "DELETE",
				"header": [],
				"url": {
					"raw": "https://jsonplaceholder.typicode.com/photos/2",
					"protocol": "https",
					"host": [
						"jsonplaceholder",
						"typicode",
						"com"
					],
					"path": [
						"photos",
						"2"
					]
				}
			},
			"response": []
		}
	]
}